nombre;latitud;longitud;direccion;valoracion;reseñas_total;nivel_precio;sitio_web;url_maps;distrito_encontrado
El Rey de los Tacos;40.4194113;-3.7096198;Cuesta de Sto. Domingo, 8, Centro, 28013 Madrid, Spain;47;10214;€;http://elreydelostacos.top/;https://maps.google.com/?cid=5658052855678566982;Centro
Takos Al Pastor;40.4192816;-3.7034366;C. de la Salud, 13, Centro, 28013 Madrid, Spain;45;14487;€;https://takos-al-pastor.site/;https://maps.google.com/?cid=5861125246067077258;Centro
Cantina Canalla Centro - Restaurante Mexicano;40.418318;-3.7073382;Pl. de San Martín, 2, Centro, 28013 Madrid, Spain;46;7768;€;https://www.cantinacanalla.com/;https://maps.google.com/?cid=1955752499444340872;Centro
Primo restaurant;40.4164744;-3.6991673;Cra de S. Jerónimo, 32, Centro, 28014 Madrid, Spain;48;3712;€€;http://www.primotaqueria.com/;https://maps.google.com/?cid=528636930778283272;Centro
Taquería Tacoctelería : Restaurante Mexicano y Coctelería en Malasaña;40.4210382;-3.7021806;C. de Valverde, 7, Centro, 28004 Madrid, Spain;47;3161;N/D;https://tacocteleria.com/reservas/.;https://maps.google.com/?cid=3116741849356835920;Centro
El Rey de los Tacos;40.4215294;-3.7092916;C. de Isabel la Católica, 13, Centro, 28013 Madrid, Spain;48;10091;€;http://elreydelostacos.top/;https://maps.google.com/?cid=4083618082451455682;Centro
La Venganza De Malinche | Restaurante Mexicano | Sol;40.4189893;-3.7013529;C. de los Jardines, 5, Centro, 28013 Madrid, Spain;43;2760;€€;http://www.venganzamalinche.com/;https://maps.google.com/?cid=10077180072351130018;Centro
Ay! Rosa Restaurante Madrid;40.4138325;-3.6990401;C. del León, 16, Centro, 28014 Madrid, Spain;43;2552;€;http://ayrosarestaurante.com/;https://maps.google.com/?cid=10149965160761835753;Centro
Entre Suspiro Y Suspiro | Mexicano Madrid;40.4186859;-3.7090349;C. de los Caños del Peral, 3, Centro, 28013 Madrid, Spain;45;1125;€€€;http://entresuspiroysuspiro.com/?utm_source=GMB&utm_medium=gmb&utm_campaign=gmb&utm_id=web;https://maps.google.com/?cid=1162534095536418402;Centro
La Mordida;40.4138641;-3.710948;Trav. del Conde, 4, Centro, 28005 Madrid, Spain;44;2850;€€;http://www.lamordida.com/;https://maps.google.com/?cid=13243870868832101757;Centro
Ticuí l Mexican Restaurant Madrid;40.4174397;-3.6985701;C. de Cedaceros, 6, Centro, 28014 Madrid, Spain;47;513;N/D;https://www.ticui.es/?utm_source=google&utm_medium=GMB;https://maps.google.com/?cid=10705329478622999765;Centro
La Mordida;40.4169643;-3.7088054;C. de las Fuentes, 3, Centro, 28013 Madrid, Spain;44;5108;€€;http://www.lamordida.com/;https://maps.google.com/?cid=8907237490692948127;Centro
Taqueria El Chaparrito;40.4156753;-3.7101377;C. Mayor, 68, Centro, 28013 Madrid, Spain;45;2609;€;https://www.restauranteschaparritos.com/elchaparritomayor/;https://maps.google.com/?cid=17120074461443755774;Centro
Solito Mexican Taqueria;40.4131772;-3.7106564;C. del Príncipe de Anglona, 1, Centro, 28005 Madrid, Spain;47;1243;N/D;https://solitotaqueria.com/;https://maps.google.com/?cid=4495310507301390259;Centro
La Cochinita Loca;40.4208536;-3.7102046;C. de Torija, 10, Centro, 28013 Madrid, Spain;45;5101;€€;http://www.lacochinitaloca.com/;https://maps.google.com/?cid=10485501910718099877;Centro
Mexcalista;40.4145052;-3.698565;C. del León, 5, Centro, 28014 Madrid, Spain;45;1109;N/D;https://www.mexcalista.es/;https://maps.google.com/?cid=6113915212437627818;Centro
MAWEY Taco Bar - Gran Vía;40.4210653;-3.7084063;C. de San Bernardo, 5, Local 2, Centro, 28013 Madrid, Spain;45;1677;€€;http://www.restaurantemawey.com/;https://maps.google.com/?cid=2295477652204820178;Centro
El rey de los tacos | Restaurante mexicano Madrid;40.4205663;-3.7007993;C/ de Hortaleza, 4, Centro, 28004 Madrid, Spain;48;3267;N/D;http://elreydelostacos.top/;https://maps.google.com/?cid=5215243848734246214;Centro
Barracuda l Restaurante Mexicano Madrid;40.4190267;-3.6892853;C. de Valenzuela, 7, Retiro, 28014 Madrid, Spain;43;1569;N/D;https://barracudamx.es/?utm_source=gmb&utm_medium=gmb&utm_campaign=web;https://maps.google.com/?cid=2910623606212047775;Centro
Taquería Mi Ciudad;40.4174005;-3.7087072;C. de las Fuentes, 11, Centro, 28013 Madrid, Spain;44;1846;€;http://www.taqueriamiciudad.com/;https://maps.google.com/?cid=7911695875158706147;Centro
TACOLETOS;40.4162563;-3.7004596;C. del Príncipe, 4, Centro, 28012 Madrid, Spain;47;727;N/D;https://www.instagram.com/tacoletos;https://maps.google.com/?cid=10057840258030228313;Centro
El Chaparrito;40.4155199;-3.6988965;C. de Ventura de la Vega, 11, Centro, 28014 Madrid, Spain;44;2040;€;http://www.restauranteschaparritos.com/;https://maps.google.com/?cid=5808300734363659967;Centro
La Mordida;40.4244135;-3.6959487;C. de Belén, 13, Centro, 28004 Madrid, Spain;44;2753;€€;http://www.lamordida.com/;https://maps.google.com/?cid=8966942106130644378;Centro
Benditos Sueños;40.4251661;-3.7105162;C. de San Bernardino, 7, Centro, 28015 Madrid, Spain;47;1064;N/D;http://www.benditossueños.com/;https://maps.google.com/?cid=9506087632007753057;Centro
El Alamillo - Fonda Mexicana;40.4137266;-3.7124981;C. del Alamillo, 8, Centro, 28005 Madrid, Spain;43;2299;€€;;https://maps.google.com/?cid=14853578995909979955;Centro
Taquería Mi Ciudad;40.416958;-3.7083887;C. de las Hileras, 5, Centro, 28013 Madrid, Spain;43;2299;€;https://taqueriamiciudad.com/;https://maps.google.com/?cid=16150271850946281597;Centro
Tiki Taco;40.4222238;-3.7076222;C. de San Bernardo, 12, Centro, 28015 Madrid, Spain;41;4425;€;https://tikitacotaqueria.es/;https://maps.google.com/?cid=2171480744532243040;Centro
Sahuaro Madrid;40.4111597;-3.7070934;Pl. de Cascorro, 2, Centro, 28005 Madrid, Spain;43;2506;€€;http://sahuaromadrid.com/;https://maps.google.com/?cid=17383936656463442154;Centro
El Rey de los Tacos;40.424342;-3.7133069;C. de Martín de los Heros, 10, Moncloa - Aravaca, 28008 Madrid, Spain;49;3358;N/D;http://elreydelostacos.top/;https://maps.google.com/?cid=2429119750417846872;Moncloa-Aravaca
La Cosecha;40.4268547;-3.7104184;C. del Limón, 21, Centro, 28015 Madrid, Spain;48;630;N/D;;https://maps.google.com/?cid=5685662233243387752;Centro
La Taquería de Birra (Don Pedro);40.4116629;-3.713454;C. de Don Pedro, 11, Centro, 28005 Madrid, Spain;45;2108;€€;http://www.lastaquerias.com/donpedro;https://maps.google.com/?cid=16531549535182393783;Centro
La Cochinita Loca - El Rastro;40.4068514;-3.7075424;C. de Mira el Sol, 23, Centro, 28005 Madrid, Spain;44;1216;N/D;http://www.lacochinitaloca.com/;https://maps.google.com/?cid=9787380375484397382;Centro
La Venganza De Malinche | Restaurante Mexicano | Plaza de España;40.4251132;-3.7118469;C. del Duque de Osuna, 6, Centro, 28015 Madrid, Spain;42;1620;€€;http://www.venganzamalinche.com/;https://maps.google.com/?cid=8916627898336475346;Centro
Central Mexicana Gourmet Experience;40.419842;-3.7054769;Pl. del Callao, 2, Centro, 28013 Madrid, Spain;41;239;N/D;http://www.centralmexicana.es/;https://maps.google.com/?cid=6677127791742836856;Centro
La Mera Mera de Madrid;40.4077339;-3.7036534;C. de Embajadores, 41, Puesto 18, Centro, Centro, 28012 Madrid, Spain;46;59;N/D;https://www.instagram.com/lameramerademadrid/;https://maps.google.com/?cid=1720103881946631315;Centro
Gracias Padre - Zona Rosa - Restaurante Mexicano;40.4221665;-3.6973905;C. de Augusto Figueroa, 37, Centro, 28004 Madrid, Spain;44;2817;N/D;https://graciaspadre.es/;https://maps.google.com/?cid=10348270423779738464;Centro
Tacos No Mames Wey;40.4187036;-3.710611;C. de Felipe V, 2, Bajo C, Centro, 28013 Madrid, Spain;41;244;€;https://pidenmw.com/;https://maps.google.com/?cid=8333992598655621514;Centro
La Baja Marisquería | Restaurante Mexicano Madrid;40.4218559;-3.6828259;C. Alcalá, 105, Salamanca, 28009 Madrid, Spain;47;987;N/D;https://www.labajamarisqueriamexicana.com/;https://maps.google.com/?cid=10254170002177570475;Centro
Wacamole Restaurant;40.4194818;-3.7003326;C. del Caballero de Gracia, 7, Centro, 28013 Madrid, Spain;40;979;€;https://www.tacometrogroup.com/reserva-caballero-de-gracia;https://maps.google.com/?cid=6925704184168956653;Centro
DF BAR Tortería Mexicana;40.4128043;-3.6992079;C. del León, 31, Centro, 28014 Madrid, Spain;44;1175;€;http://www.dfbar.es/;https://maps.google.com/?cid=2987528957650640721;Centro
Gracias Padre - Teatro Degollado - Restaurante Mexicano;40.4125311;-3.7031644;Calle de la Magdalena, 1, Centro, 28012 Madrid, Spain;43;1005;N/D;http://www.graciaspadre.es/;https://maps.google.com/?cid=9123893928982013716;Centro
Cutzamala Mex Food;40.4115233;-3.6987911;Mercado Antón Martín, C. de Sta. Isabel, 5, Planta Baja, Centro, 28012 Madrid, Spain;47;485;N/D;https://www.cutzamexfood.es/;https://maps.google.com/?cid=14607306496988241678;Centro
Cómete México;40.4243892;-3.6785293;Calle del Gral. Pardiñas, 12, Salamanca, 28001 Madrid, Spain;44;4387;€€;https://www.cometemexico.es/;https://maps.google.com/?cid=14953670581983608859;Centro
La Mordida;40.4246092;-3.7130767;Calle de la Princesa, 3 duplicado, Moncloa - Aravaca, 28008 Madrid, Spain;44;4077;€€;http://www.lamordida.com/;https://maps.google.com/?cid=6725505209866921187;Centro
Coco Cantina;40.4153067;-3.7012155;C. de Núñez de Arce, 11, Centro, 28012 Madrid, Spain;45;150;N/D;https://linktr.ee/cococantina;https://maps.google.com/?cid=1648786208758363301;Centro
CLAN TEQUILA;40.4303411;-3.7009778;Calle de Palafox, 1, local 4, Chamberí, 28010 Madrid, Spain;46;498;N/D;;https://maps.google.com/?cid=2199962889635288015;Centro
La Soldadera Mezcal Bar;40.4127848;-3.6963716;Calle de Sta. María, 33, Centro, 28014 Madrid, Spain;49;143;N/D;https://www.instagram.com/lasoldadera_mezcaleria;https://maps.google.com/?cid=5946182406455340537;Centro
Tacos No Mames Wey;40.4191302;-3.7018546;C. de la Montera, 34, Centro, 28013 Madrid, Spain;35;147;N/D;https://pidenmw.com/;https://maps.google.com/?cid=10913420669441751653;Centro
La Rebonita;40.4116214;-3.7005582;Calle del Olmo, 23, Centro, 28012 Madrid, Spain;46;839;€€;https://m.facebook.com/profile.php?id=100054624872824;https://maps.google.com/?cid=4257388268292638327;Centro
La Leyenda del Agave;40.4258075;-3.6828673;Calle de Núñez de Balboa, 37, Salamanca, 28001 Madrid, Spain;44;1987;€€;http://www.laleyendadelagave.com/;https://maps.google.com/?cid=8850577056083282208;Centro
Taquería La Condesa - Gracias Padre - Restaurante Mexicano en Madrid;40.430107;-3.6764583;C. de José Ortega y Gasset, 55, Local 3, Salamanca, 28006 Madrid, Spain;47;376;N/D;https://graciaspadre.es/la-condesa/;https://maps.google.com/?cid=1475305785992396619;Centro
Can chan chán l Restaurante Mexicano Madrid;40.4301034;-3.6876015;C. de Serrano, 47, 3ª planta, Salamanca, 28001 Madrid, Spain;42;305;N/D;http://www.canchanchan.es/?utm_source=gmb&utm_medium=gmb&utm_campaign=web;https://maps.google.com/?cid=16769452100570850636;Centro
Taquería La Lupita;40.4231989;-3.6940421;C. del Conde de Xiquena, 10, Centro, 28004 Madrid, Spain;42;1810;€€;http://lalupita.es/;https://maps.google.com/?cid=3215027258048090502;Centro
BAKAN MADRID;40.4205629;-3.6881813;Pl. de la Independencia, 5, Salamanca, 28001 Madrid, Spain;43;1768;N/D;https://bakanmadrid.com/;https://maps.google.com/?cid=6359336026115558337;Centro
Tacos Chapultepec;40.4301431;-3.7017557;C. del Cardenal Cisneros, 13, Chamberí, 28010 Madrid, Spain;45;2107;€;http://www.tacoschapultepec.com/;https://maps.google.com/?cid=13570917356334502396;Centro
La Taquería de Birra Comendadoras;40.4270629;-3.7084891;Pl. de las Comendadoras, 2, Centro, 28015 Madrid, Spain;40;1164;€€;http://www.lastaquerias.com/comendadoras/;https://maps.google.com/?cid=16476916585924811784;Centro
Tatemado;40.4115708;-3.7098446;Pl. de la Cebada, 9, Centro, 28005 Madrid, Spain;48;668;N/D;http://www.tatemado.es/;https://maps.google.com/?cid=15224725077952510878;Centro
TKO Tacos Clavel;40.4202508;-3.6995511;Calle del Clavel, 5, Centro, 28004 Madrid, Spain;43;6419;€;https://tkotacos.com/;https://maps.google.com/?cid=15302838874270988246;Centro
Wacamole Food & Drink;40.4184537;-3.70071;C. de la Aduana, 25, Centro, 28013 Madrid, Spain;45;1472;€;;https://maps.google.com/?cid=16919714722227638078;Centro
BURRITOS - Chueca;40.4229494;-3.6996695;C. de Augusto Figueroa, 13, Centro, 28004 Madrid, Spain;47;2231;€;http://www.burritos.com.es/;https://maps.google.com/?cid=5484222677531899652;Centro
Cantina Canalla Antracita - Restaurante Mexicano;40.3903292;-3.6896729;C. de la Antracita, 10, Arganzuela, 28045 Madrid, Spain;45;2754;€;http://www.cantinacanalla.com/;https://maps.google.com/?cid=1761074798116395876;Arganzuela
Nacho Bravo Taquería;40.3920836;-3.6947532;Paseo de las Delicias, 139, Arganzuela, 28045 Madrid, Spain;45;1169;€;https://www.esnachobravo.com/;https://maps.google.com/?cid=9371954105307414143;Arganzuela
Ciudad Mezcal;40.4033342;-3.7038703;Calle de las Peñuelas, 19, Arganzuela, 28005 Madrid, Spain;47;529;N/D;https://ciudad-mezcal.eatbu.com/;https://maps.google.com/?cid=10117676822866052132;Arganzuela
Ay Güey Mexican;40.4047454;-3.6967573;Cl. de José Antonio de Armona, 9, Arganzuela, 28012 Madrid, Spain;46;509;N/D;;https://maps.google.com/?cid=5204428427267974367;Arganzuela
El rey de los tacos;40.4061305;-3.6935383;Paseo de las Delicias, 14, Arganzuela, 28045 Madrid, Spain;48;3915;N/D;http://elreydelostacos.top/;https://maps.google.com/?cid=3303655594602199217;Arganzuela
Taquería María Bonita Río-Yeserías;40.398743;-3.7089914;P.º de las Yeserías, 29, Arganzuela, 28005 Madrid, Spain;42;1051;N/D;https://taqueriamariabonita.es/;https://maps.google.com/?cid=1744085119077201242;Arganzuela
Taquería Órale Burrito;40.3982565;-3.7020996;P.º de Sta. María de la Cabeza, 86, Arganzuela, 28005 Madrid, Spain;46;592;N/D;;https://maps.google.com/?cid=10278108468749320615;Arganzuela
Canastaco Madrid;40.3949928;-3.6962137;C. de Miguel Arredondo, 4, Arganzuela, 28045 Madrid, Spain;46;450;€;https://www.instagram.com/canastacomadrid?igsh=MWwzZmxvY3ZjcW1mbA%3D%3D&utm_source=qr;https://maps.google.com/?cid=8965036915049782198;Arganzuela
Taquería María Bonita Imperial;40.401094;-3.7154598;Gta. de las Pirámides, 5, Arganzuela, 28005 Madrid, Spain;42;603;N/D;https://taqueriamariabonita.es/;https://maps.google.com/?cid=6351684077793152900;Arganzuela
La Tentación. La taqueria del mercado;40.40764;-3.70382;C. de Embajadores, 41, local 36, Centro, 28012 Madrid, Spain;48;254;N/D;;https://maps.google.com/?cid=17340304793437733279;Arganzuela
Restaurante Mezcal;40.4050422;-3.6819963;Av. de la Ciudad de Barcelona, 13, Retiro, 28007 Madrid, Spain;42;93;N/D;https://www.restaurantemezcal.es/;https://maps.google.com/?cid=7370413304840426196;Arganzuela
Tierra Burrito Bar;40.4017367;-3.6931925;Pl. Luca de Tena, 5, Arganzuela, 28045 Madrid, Spain;42;1520;€;http://www.tierraburritos.com/;https://maps.google.com/?cid=17319087118004366841;Arganzuela
Las Adelitas Restaurante Mexicano;40.4185092;-3.6776586;C. de Ibiza, 11, Retiro, 28009 Madrid, Spain;48;1063;N/D;https://lasadelitas.es/;https://maps.google.com/?cid=14568897827785628321;Arganzuela
TACOS MEXICANOS EL GÜERO;40.3921506;-3.7247612;Metro Urgel, C. Azabache, 6, Carabanchel, 28019 Madrid, Spain;44;437;N/D;https://www.tacoselguero.es/;https://maps.google.com/?cid=6269688554640256848;Arganzuela
Restaurante Mezcal;40.4065474;-3.6778638;Calle de Narciso Serra, 35, Retiro, 28007 Madrid, Spain;44;1812;€€;https://www.restaurantemezcal.es/;https://maps.google.com/?cid=4990387588777885906;Arganzuela
RESTAURANTE MEXICANO Q PADRE;40.4241811;-3.6685845;C. del Dr. Esquerdo, 41, Salamanca, 28028 Madrid, Spain;48;1371;N/D;https://www.instagram.com/restauranteqpadre?igsh=cW9lNHR1OWY5NzRo;https://maps.google.com/?cid=11928544193340851932;Arganzuela
Alamillo Tacos Bar;40.3700673;-3.714029;C. Deva, 83, Usera, 28041 Madrid, Spain;49;190;N/D;https://www.instagram.com/alamillotacosbar?igsh=MTRydm5udjB2YzYxbQ==;https://maps.google.com/?cid=17628469128998413209;Arganzuela
Lemon Mexican;40.4038349;-3.6962787;P.º de Sta. María de la Cabeza, 35, Arganzuela, 28045 Madrid, Spain;30;5;N/D;;https://maps.google.com/?cid=6619365863044432571;Arganzuela
La Mordida;40.413717;-3.673971;C. de Pío Baroja, 9, Retiro, 28009 Madrid, Spain;44;5513;€€;http://www.lamordida.com/;https://maps.google.com/?cid=10856027648196665263;Arganzuela
El Pinche Taco;40.4123943;-3.6989791;C. de Atocha, 67, Centro, 28012 Madrid, Spain;43;1169;N/D;https://elpinchetaco.es/;https://maps.google.com/?cid=15902937282135602068;Arganzuela
De Madrid al Rancho;40.3971431;-3.7160219;Gta. Marqués de Vadillo, 4, Carabanchel, 28019 Madrid, Spain;41;552;€€;https://demadridalrancho.eatbu.com/;https://maps.google.com/?cid=11092053077748838582;Arganzuela
La Tia Juana Madrid-Atocha🇲🇽🌮🌶🌯;40.4114359;-3.6975186;C. de Atocha, 74, Centro, 28012 Madrid, Spain;42;927;€€;https://latiajuanamx.com/restaurantes/;https://maps.google.com/?cid=7474158263059804302;Arganzuela
La Chamana;40.419122;-3.706977;C. de las Navas de Tolosa, 7, Centro, 28013 Madrid, Spain;45;2283;€€;http://www.lachamana.es/;https://maps.google.com/?cid=10478626261417134634;Arganzuela
La Turulita;40.4181816;-3.6774317;dentro del Mercado Municipal!, C. de Ibiza, 8, Puesto 16, Retiro, 28009 Madrid, Spain;47;920;€;https://laturulita.com/?lang=es/?utm_source=GMB&utm_medium=web&utm_campaign=GMB;https://maps.google.com/?cid=885727223446248141;Arganzuela
Mexicanísimo Retiro;40.4199681;-3.6765457;C. de Narváez, 44, Retiro, 28009 Madrid, Spain;45;93;N/D;http://www.mexicanisimo.es/;https://maps.google.com/?cid=9982454035072556596;Retiro
TACAZZO;40.4171515;-3.6761171;C. de Narváez, 61, Local, Retiro, 28009 Madrid, Spain;40;1133;€;http://www.tacazzo.es/;https://maps.google.com/?cid=5833912876421913438;Retiro
La Diavla “Mexican&Wild”;40.4213947;-3.6787822;C. de Antonio Acuña, 19, Retiro, 28009 Madrid, Spain;41;968;N/D;http://www.ladiavla.es/;https://maps.google.com/?cid=457889501680930178;Retiro
Corvina Mx;40.4192545;-3.6734468;C. de Menorca, 44, Bajo 1, Retiro, 28009 Madrid, Spain;47;149;N/D;https://www.corvinamx.com/;https://maps.google.com/?cid=10280729067107561892;Retiro
Benditos Sueños Ibiza | Tacos | Chilaquiles | Mezcal;40.4196822;-3.6777838;C. de Lope de Rueda, 44, Retiro, 28002 Madrid, Spain;46;323;€€;https://benditossueños.com/restaurante-mexicano-retiro/;https://maps.google.com/?cid=1058347864840238948;Retiro
Gracias Padre - Taquería La Roma - Restaurante Mexicano;40.4300682;-3.6757824;C. de José Ortega y Gasset, 55, local 16, Salamanca, 28006 Madrid, Spain;43;5464;€€;http://www.graciaspadre.es/;https://maps.google.com/?cid=383021223366965840;Retiro
CABRÓN Mexican Parrilla;40.4244084;-3.6814512;Calle de Castelló, 24, Salamanca, 28001 Madrid, Spain;49;756;N/D;https://www.cabronmadrid.com/;https://maps.google.com/?cid=9205432406209407649;Retiro
Maison Jaguar, restaurante mexicano con espectáculo;40.4253764;-3.6833807;Maison Jaguar, Calle de Goya, 39, Salamanca, 28001 Madrid, Spain;44;7199;N/D;https://maisonjaguar.com/;https://maps.google.com/?cid=4690354285260856628;Retiro
La Metixe;40.4056265;-3.6774173;C. de Valderribas, 23, Retiro, 28007 Madrid, Spain;39;526;€;http://lametixe.es/;https://maps.google.com/?cid=724893768994279956;Retiro
Sal Mestiza;40.4342015;-3.6846105;Calle de Lagasca, 103, Salamanca, 28006 Madrid, Spain;44;457;N/D;https://www.salmestiza.com/;https://maps.google.com/?cid=14760693306606111554;Salamanca
Taquería La Lupita;40.4225647;-3.6854545;C. de Villanueva, 15, Salamanca, 28001 Madrid, Spain;42;2435;€€;http://lalupita.es/;https://maps.google.com/?cid=1245031476020359503;Salamanca
La Mordida;40.4345223;-3.6773663;Calle de Diego de León, 56, Salamanca, 28006 Madrid, Spain;47;4685;€€;http://www.lamordida.com/;https://maps.google.com/?cid=2662984549490550922;Salamanca
Restaurante Tepic;40.4278335;-3.6878708;Cl. de Ayala, 14, Salamanca, 28001 Madrid, Spain;43;2151;€€;http://www.tepic.es/;https://maps.google.com/?cid=4368416540140656812;Salamanca
La Rodaja Madrid;40.4296067;-3.6640837;Calle de Bocángel, 4, Salamanca, 28028 Madrid, Spain;46;1750;€;https://madrid.larodaja.com/reservas/;https://maps.google.com/?cid=9108973100512528650;Salamanca
El Zócalo;40.4298308;-3.6636157;C. de Alejandro González, 8, Salamanca, 28028 Madrid, Spain;46;1048;€€;http://www.elzocalo.es/;https://maps.google.com/?cid=4643502055778595641;Salamanca
XAMACH;40.4299991;-3.6717617;C. de José Ortega y Gasset, 83, Salamanca, 28006 Madrid, Spain;43;1782;€€;http://www.xamach.es/;https://maps.google.com/?cid=4896325743247813621;Salamanca
Restaurante El Bajío;40.4328599;-3.6805064;Calle de Juan Bravo, 23, Salamanca, 28006 Madrid, Spain;47;440;N/D;https://www.elbajio.es/;https://maps.google.com/?cid=13983496921558157965;Salamanca
Vive Mexico “la Taqueria del barrio”;40.4417306;-3.6798379;C. de San Julio, 2, Chamartín, 28002 Madrid, Spain;47;341;N/D;https://www.vivemexico.es/;https://maps.google.com/?cid=11108596481956986135;Salamanca
Cantina Mariachi;40.4275671;-3.6694642;C. Alcalá, 150, Salamanca, 28009 Madrid, Spain;40;110;N/D;https://www.cantinamariachi.com/;https://maps.google.com/?cid=16456092524414739152;Salamanca
Pituka & Petaka;40.4356345;-3.6759692;C/ de Francisco Silvela, 71, Salamanca, 28028 Madrid, Spain;46;855;N/D;http://barrestaurantepitukaypetaka.com/;https://maps.google.com/?cid=15025615721320620554;Salamanca
Los Aguachiles Jorge Juan;40.4236802;-3.6831119;C. de Jorge Juan, 34, Salamanca, 28001 Madrid, Spain;49;560;N/D;https://losaguachiles.es/;https://maps.google.com/?cid=17825387668086893512;Salamanca
Chona La Patrona Tacos & Tragos;40.4304327;-3.6750623;C. del Conde de Peñalver, 52, Salamanca, 28006 Madrid, Spain;46;774;€€;https://www.chona.es/;https://maps.google.com/?cid=10454543478780774403;Salamanca
Mexicanísimo Salamanca;40.4346836;-3.6830875;Calle Velázquez, 104, Salamanca, 28006 Madrid, Spain;41;37;N/D;https://www.mexicanisimo.es/;https://maps.google.com/?cid=11461322758617223669;Salamanca
RED PROJECT TACOS;40.4211826;-3.6899079;C/ de Villalar, Salamanca, 28001 Salamanca, Madrid, Spain;50;1;N/D;;https://maps.google.com/?cid=14345543085328754929;Salamanca
Malacopa - Maria De Molina;40.4376833;-3.6870064;Calle de María de Molina, 16, Salamanca, 28006 Madrid, Spain;46;305;N/D;https://www.malacopa.es/;https://maps.google.com/?cid=7824291167436192569;Salamanca
Lolo Taco Bar;40.4291785;-3.6898757;P.º de la Castellana, 23, Chamberí, 28046 Madrid, Spain;50;31;N/D;https://lolotacobar.com/;https://maps.google.com/?cid=14743462886719186528;Salamanca
Xipe Margaritas & Cocina Mexicana;40.4546675;-3.6909622;P.º de la Castellana, 105, Tetuán, 28046 Madrid, Spain;46;356;N/D;http://www.xipe.es/;https://maps.google.com/?cid=9549792915399017626;Salamanca
Los Aguachiles Velázquez;40.4369983;-3.6835193;Calle Velázquez, 117, Salamanca, 28006 Madrid, Spain;49;583;N/D;https://losaguachiles.es/;https://maps.google.com/?cid=8074722262065596731;Salamanca
La Única Madrid Restaurante;40.4209802;-3.685362;C. Alcalá, 87, Salamanca, 28001 Madrid, Spain;45;1921;€€€;https://launicamad.com/;https://maps.google.com/?cid=17271308504609511703;Salamanca
Mexkhal Cocina Mexicana;40.4542099;-3.6964239;C. de Fortunata y Jacinta, 23, 1A, Tetuán, 28020 Madrid, Spain;47;691;€€;http://www.mexkhal.com/;https://maps.google.com/?cid=6552336799640739418;Salamanca
La Xida;40.4372171;-3.687264;C. de López de Hoyos, 11, Salamanca, 28006 Madrid, Spain;47;636;N/D;https://www.laxida.com/;https://maps.google.com/?cid=7412484725947510364;Salamanca
Mamazzita Madrid Bar | Best Mexican Bar;40.4267407;-3.6894823;P.º de la Castellana, C. de Hermosilla, 4 Esquina, Salamanca, 28046 Madrid, Spain;48;35;N/D;https://www.mamazzitarestaurant.com/restaurante-bar-mexicano-madrid?utm_source=gmb&utm_medium=organic&utm_campaign=mamazzitamadrid&ot_source=gmb_3743_mam;https://maps.google.com/?cid=17472851341663294741;Salamanca
Mawey Taco Bar - Lopez de Hoyos;40.4372908;-3.6871201;C. de López de Hoyos, 13, Salamanca, 28006 Madrid, Spain;46;191;N/D;https://www.restaurantemawey.es/;https://maps.google.com/?cid=2047216769768341886;Salamanca
Tierra Burrito Bar;40.4376839;-3.6865454;C. de Serrano, 93, Salamanca, 28006 Madrid, Spain;44;3165;€;http://tierraburritos.com/;https://maps.google.com/?cid=17291927561262923098;Salamanca
Gracias Padre - Margarita Beach - Restaurante Mexicano;40.4365605;-3.6992103;Calle de Sta Engracia, 76, Chamberí, 28010 Madrid, Spain;47;745;N/D;https://www.graciaspadre.es/;https://maps.google.com/?cid=6672290911046910918;Salamanca
Don Tortilla Goya;40.4248367;-3.6715735;Calle de Goya, 119, Salamanca, 28009 Madrid, Spain;46;859;N/D;http://www.dontortilla.es/;https://maps.google.com/?cid=10384343845574502874;Salamanca
Las Mañanitas;40.442998;-3.7037667;C. de Bravo Murillo, 54, Chamberí, 28003 Madrid, Spain;43;1903;€€;http://www.mananitas.com/;https://maps.google.com/?cid=8500014631538058498;Salamanca
San Angelinn;40.4358735;-3.6844696;Calle de Lagasca, 117, bajo dcha, Salamanca, 28006 Madrid, Spain;45;176;N/D;;https://maps.google.com/?cid=6045500986867249569;Salamanca
Corazón de Maíz | Tortillería de Barrio;40.4230934;-3.6800176;C. Alcalá, 123, Salamanca, 28009 Madrid, Spain;45;366;N/D;;https://maps.google.com/?cid=4783386032204914369;Salamanca
Hijo del Maíz - Antojería Mexicana;40.47246;-3.6867239;C. de Mauricio Ravel, 4, Chamartín, 28046 Madrid, Spain;46;958;€€;https://hijodelmaiz.com/;https://maps.google.com/?cid=13904728302638993545;Chamartín
Órale Un Pedacito;40.4487482;-3.672656;C. de Pradillo, 30, Chamartín, 28002 Madrid, Spain;45;3080;€€;http://www.oraleunpedacito.com/;https://maps.google.com/?cid=2178560086423743377;Chamartín
Me vale madre;40.4446908;-3.6742776;C. de López de Hoyos, 81, Chamartín, 28002 Madrid, Spain;48;61;N/D;https://www.mevalemadremex.com/;https://maps.google.com/?cid=11019778401676042564;Chamartín
El Secreto de López;40.4409273;-3.6806324;Gta. de López de Hoyos, 3, Chamartín, 28002 Madrid, Spain;44;789;€€;http://www.elsecretodelopez.com/;https://maps.google.com/?cid=14042283158466086813;Chamartín
La Venganza De Malinche | Restaurante Mexicano | Bernabeu;40.4562195;-3.6892233;Calle del Prof. Waksman, 3, Chamartín, 28036 Madrid, Spain;44;657;N/D;https://venganzamalinche.com/;https://maps.google.com/?cid=13923351603874115891;Chamartín
Gracias Padre - Los Cabos Beach - Restaurante Mexicano;40.4587141;-3.6723067;C. de Costa Rica, 15, Chamartín, 28016 Madrid, Spain;43;2124;€€;http://www.graciaspadre.es/;https://maps.google.com/?cid=15857925696853409617;Chamartín
La Mordida;40.4540601;-3.692879;Bernabeu's Bite, Av. de Brasil, 6, Tetuán, 28020 Madrid, Spain;46;5633;€€;https://www.lamordida.com/;https://maps.google.com/?cid=3245635244839685345;Chamartín
La Cochinita Loca - Tetuan;40.4549455;-3.6964588;Pl. San Amaro, 8, Tetuán, 28020 Madrid, Spain;45;2206;€€;https://www.lacochinitaloca.com/;https://maps.google.com/?cid=9393180460739233280;Chamartín
La cazuela mexicana;40.4617981;-3.6865479;La cazuela mexicana, C. Pedro Muguruza, 4, Chamartín, 28036 Madrid, Spain;43;803;€;https://www.instagram.com/lacazuelamexicana16?igsh=MXZwcjdpYnB2bnB5Yg==&utm_source=;https://maps.google.com/?cid=7363134338805455068;Chamartín
Restaurante LA VERACRUZANA;40.4790781;-3.6713342;Av. de San Luis, 166, Cdad. Lineal, 28033 Madrid, Spain;42;668;€;https://www.laveracruzanamadrid.com/;https://maps.google.com/?cid=16438186574925593882;Chamartín
Vive Mexico “la Taqueria del barrio”;40.4439964;-3.6765259;C. Luis Vives, 7, Chamartín, 28002 Madrid, Spain;42;71;N/D;http://www.vivemexico.es/;https://maps.google.com/?cid=9577760801368779504;Chamartín
Hijo del Maíz - Parrilla Mexicana;40.4571718;-3.693035;Av. de Brasil, 28, Tetuán, 28020 Madrid, Spain;45;398;€€;https://hijodelmaiz.com/;https://maps.google.com/?cid=7971233246377356956;Chamartín
TALLER MILPA| RESTAURANTE MEXICANO|;40.4421527;-3.6752577;C. de Cartagena, 136, Chamartín, 28002 Madrid, Spain;50;15;N/D;https://www.tallermilpa.com/;https://maps.google.com/?cid=3620298850025700729;Chamartín
El Criollo Taquería - Mercado Maravillas;40.4498072;-3.7025211;C. de Palencia, 6, Tetuán, 28020 Madrid, Spain;48;828;N/D;https://el-criollo.com/;https://maps.google.com/?cid=13670040543420524727;Chamartín
Birria Magistral - Restaurante Mexicano en Madrid;40.4460886;-3.6437075;C. del Gral. Aranaz, 75, Cdad. Lineal, 28027 Madrid, Spain;49;377;N/D;http://birriamagistral.com/;https://maps.google.com/?cid=10114874310179456999;Chamartín
Cantina Canalla Las Tablas - Restaurante Mexicano;40.5057907;-3.6672744;Av. de Santo Domingo de la Calzada, 39, Fuencarral-El Pardo, 28050 Madrid, Spain;46;3335;€€;http://wwww.cantinacanalla.com/;https://maps.google.com/?cid=5428876858241912924;Chamartín
Cómete México - Raimundo Fernández Villaverde;40.4462105;-3.70019;C. de Raimundo Fernández Villaverde, 26, Chamberí, 28003 Madrid, Spain;42;265;N/D;https://www.cometemexico.es/;https://maps.google.com/?cid=11623352240982101232;Chamartín
RESTAURANTE MEXICANO CHARAL;40.5058832;-3.6758162;C. San Juan de Ortega, 68, Fuencarral-El Pardo, 28050 Madrid, Spain;46;90;N/D;https://charal.myrestoo.net/es/reservar;https://maps.google.com/?cid=3932967157987172854;Chamartín
Tacos Don Manolito Caleido;40.4782706;-3.6889007;P.º de la Castellana, 259E, Fuencarral-El Pardo, 28029 Madrid, Spain;42;288;N/D;https://tacosdonmanolito.es/#encu%C3%A9ntranos;https://maps.google.com/?cid=11532070402035317389;Chamartín
La Tequileria;40.4414825;-3.6988672;C/ de Ponzano, 58, Chamberí, 28003 Madrid, Spain;50;6;N/D;;https://maps.google.com/?cid=11823891368090652669;Chamartín
El Chilar Taquería;40.4767119;-3.7049976;C. de Melchor Fernández Almagro, 50, Fuencarral-El Pardo, 28029 Madrid, Spain;46;705;€;http://www.facebook.com/elchilartaqueria.brand;https://maps.google.com/?cid=13049215020877301216;Chamartín
La Mordida;40.4416682;-3.6979198;C. de Ríos Rosas, 38, local 1, Chamberí, 28003 Madrid, Spain;43;1189;N/D;http://www.lamordida.com/;https://maps.google.com/?cid=13214793279773494019;Chamartín
Gave Mx Valdebebas;40.4923036;-3.6121191;C. de María de las Mercedes de Borbón, 90, Hortaleza, 28055 Madrid, Spain;46;653;€€;http://www.gavemx.com/;https://maps.google.com/?cid=6913123399148040323;Chamartín
Comida de tek;40.4524769;-3.6731261;C de Víctor de la Serna, 4, Chamartín, 28016 Madrid, Spain;50;1;N/D;;https://maps.google.com/?cid=1503446236677737812;Chamartín
Trompo Tacos;40.4693577;-3.6901802;C. de San Leopoldo, 8, puesto 3, Tetuán, 28029 Madrid, Spain;45;273;N/D;https://www.trompo.es/;https://maps.google.com/?cid=1468166213508762113;Chamartín
Restaurante Nano El Mexicano;40.4521054;-3.7012141;C. de Lérida, 8, Tetuán, 28020 Madrid, Spain;39;367;€€;https://restaurantenanoelmexicano.es/;https://maps.google.com/?cid=5684709173537819151;Tetuán
Mexicanísimo Tetuán;40.4515617;-3.695316;C. de Orense, 27, Tetuán, 28020 Madrid, Spain;42;72;N/D;https://www.mexicanisimo.es/;https://maps.google.com/?cid=17670190950350992712;Tetuán
Restaurante El Tío Taco;40.4641036;-3.7014137;C. de las Azucenas, 53, Tetuán, 28039 Madrid, Spain;44;616;N/D;https://www.eltiotaco.es/;https://maps.google.com/?cid=9545776116990401154;Tetuán
Restaurante Mild & Limon;40.44926;-3.7124762;C. de Almansa, 93, Moncloa - Aravaca, 28040 Madrid, Spain;47;411;N/D;;https://maps.google.com/?cid=14260146434570356646;Tetuán
Tierra Burrito Bar;40.4479937;-3.7050405;C. de Bravo Murillo, 107, Tetuán, 28039 Madrid, Spain;44;2619;€;http://tierraburritos.com/;https://maps.google.com/?cid=11802765460737671911;Tetuán
Mr keko;40.4730192;-3.7109334;C. Chantada, 16, Fuencarral-El Pardo, 28029 Madrid, Spain;49;447;N/D;https://mrkeko.com/;https://maps.google.com/?cid=15075670248709059552;Tetuán
Cómete México - Ríos Rosas;40.4422308;-3.7029922;C. de Ríos Rosas, 7, Chamberí, 28003 Madrid, Spain;42;1409;€€;https://www.cometemexico.es/;https://maps.google.com/?cid=15665649271852908078;Tetuán
La Neta Restaurante Mexicano;40.4717378;-3.664711;C. de Mesena, 85, Cdad. Lineal, 28033 Madrid, Spain;47;470;N/D;https://lanetarestaurante.com/;https://maps.google.com/?cid=1399126428753419745;Tetuán
Tierra Burrito Bar;40.4567349;-3.691533;C. de San Germán, 6, Tetuán, 28020 Madrid, Spain;44;4155;€;http://www.tierraburritos.com/;https://maps.google.com/?cid=7817440467564196036;Tetuán
La Lupita;40.4367742;-3.6931464;Calle de Zurbano, 67, Chamberí, 28010 Madrid, Spain;45;151;N/D;https://www.lalupita.es/;https://maps.google.com/?cid=6410468070728030987;Tetuán
Botanero Azteca Valdebebas - Restaurante Mexicano;40.4936333;-3.6139069;C. de Josefina Aldecoa, 8, Hortaleza, 28055 Madrid, Spain;46;236;N/D;https://www.botaneroazteca.es/;https://maps.google.com/?cid=13924391860249314998;Tetuán
MAWEY Taco Bar - Olid;40.4317055;-3.7024027;C. de Olid, 6, Chamberí, 28010 Madrid, Spain;45;2099;€€;http://www.restaurantemawey.es/;https://maps.google.com/?cid=9786499747783172190;Chamberí
La Venganza De Malinche | Restaurante Mexicano | Canal;40.4370287;-3.7039598;Calle de García de Paredes, 2, Chamberí, 28010 Madrid, Spain;42;1096;€€;http://lavenganzademalinche.com/;https://maps.google.com/?cid=12983715018529023159;Chamberí
Restaurante Taco-Jonudo;40.4317845;-3.7068019;Pl. del Conde del Valle de Súchil, 20, Chamberí, 28015 Madrid, Spain;45;145;N/D;https://tacojonudo.com/;https://maps.google.com/?cid=3503141301811453921;Chamberí
La Chocolata by Los Aguachiles;40.4302607;-3.7108132;C. de Alberto Aguilera, 30, Chamberí, 28015 Madrid, Spain;48;815;€€;http://www.lachocolatamadrid.com/;https://maps.google.com/?cid=15585977555544708674;Chamberí
La Tomata Eguilaz;40.4289675;-3.7006066;C. de Eguilaz, 1, Chamberí, 28010 Madrid, Spain;47;819;€€;;https://maps.google.com/?cid=1785053153957350453;Chamberí
Gracias Padre - Jungle Club - Restaurante Mexicano;40.4302324;-3.7047732;Calle de Sandoval, 16, Chamberí, 28010 Madrid, Spain;42;2414;€€;https://graciaspadre.es/;https://maps.google.com/?cid=4999834640132746722;Chamberí
Cherry Pecas;40.4410801;-3.7153232;Paseo de S. Fco. de Sales, 17, Chamberí, 28003 Madrid, Spain;42;2652;€;http://www.cherrypecas.com/;https://maps.google.com/?cid=3124581962252529617;Chamberí
Tacos Don Manolito;40.4451092;-3.6988809;C/ de Ponzano, 91, Chamberí, 28003 Madrid, Spain;44;602;€€;http://www.tacosdonmanolito.es/;https://maps.google.com/?cid=10961473882908448983;Chamberí
Tacos No Mames Wey;40.4347;-3.718087;C. Arcipreste de Hita, 14, Chamberí, 28015 Madrid, Spain;40;151;N/D;https://pidenmw.com/;https://maps.google.com/?cid=3084183109146362027;Chamberí
Restaurante Si Señor;40.4422308;-3.7029922;C. de Ríos Rosas, 7, Chamberí, 28003 Madrid, Spain;37;1456;€€;http://www.sisenormadrid.com/;https://maps.google.com/?cid=6239851399963887021;Chamberí
Toma Tacos;40.4308394;-3.7091301;C. de Vallehermoso, 11, Chamberí, 28015 Madrid, Spain;46;137;N/D;https://tomatacos.com/;https://maps.google.com/?cid=6812787628384437307;Chamberí
Tierra Burrito Bar;40.4360116;-3.7129396;C. de Guzmán el Bueno, 52, Chamberí, 28015 Madrid, Spain;44;3327;€;http://www.tierraburritos.com/;https://maps.google.com/?cid=930516839058941375;Chamberí
Puntarena;40.4301045;-3.7095494;C. de Alberto Aguilera, 20, Chamberí, 28015 Madrid, Spain;46;1512;N/D;https://puntarena.es/;https://maps.google.com/?cid=13856296220400845247;Chamberí
Tko Tacos;40.4310953;-3.7034756;Calle de Fuencarral, 127, Chamberí, 28010 Madrid, Spain;43;628;N/D;https://tkotacos.com/;https://maps.google.com/?cid=2598020571578680095;Chamberí
Tiki Tako;40.4394812;-3.7129245;C. de Guzmán el Bueno, 105, Chamberí, 28003 Madrid, Spain;44;239;N/D;http://tikitaco.es/;https://maps.google.com/?cid=1699992475780784476;Chamberí
El Santiamén;40.4350999;-3.7050847;C. de Fernández de los Ríos, 8, Chamberí, 28015 Madrid, Spain;48;1276;N/D;http://elsantiamen.es/;https://maps.google.com/?cid=13053922822370224791;Chamberí
El cachito del baby;40.4347412;-3.7154013;C. de Gaztambide, 30, Chamberí, 28015 Madrid, Spain;44;37;N/D;https://www.instagram.com/elcachitodelbaby/;https://maps.google.com/?cid=4203786537110402682;Chamberí
Gazteka Malasaña;40.4256183;-3.7073904;C. del Noviciado, 2, Centro, 28015 Madrid, Spain;48;412;N/D;https://gazteka.com/;https://maps.google.com/?cid=13583306492517114850;Chamberí
MALACOPA - Malasaña;40.4292923;-3.7076772;Calle del Acuerdo, 36, Centro, 28015 Madrid, Spain;47;558;N/D;https://www.malacopa.es/;https://maps.google.com/?cid=14052546604628239773;Chamberí
Frida Kahlo Gastro Galeria;40.4273895;-3.7199205;P.º del Pintor Rosales, 32, Moncloa - Aravaca, 28008 Madrid, Spain;47;545;N/D;https://fridakahlogastrogaleria.eatbu.com/?lang=es;https://maps.google.com/?cid=7446025620691112660;Chamberí
TKO Tacos Guzman;40.4363047;-3.713216;C. de Guzmán el Bueno, 69, Chamberí, 28015 Madrid, Spain;43;2450;€;https://tkotacos.com/;https://maps.google.com/?cid=16980378952876492141;Chamberí
La Santa Madrid;40.4361249;-3.6915009;C. de Miguel Ángel, 21, Chamberí, 28010 Madrid, Spain;44;644;N/D;http://www.lasantamadrid.com/;https://maps.google.com/?cid=10659452203260914826;Chamberí
Trompo Tacos;40.4340184;-3.7159011;C. de Gaztambide, 35, Chamberí, 28015 Madrid, Spain;47;130;N/D;https://www.trompo.es/;https://maps.google.com/?cid=17182324840073893172;Chamberí
Gave Mx Montecarmelo Restaurante Mexicano;40.5034467;-3.7077751;Av. del Monasterio de Silos, 22, Fuencarral-El Pardo, 28049 Madrid, Spain;47;751;N/D;https://gavemx.com/;https://maps.google.com/?cid=10673236102282033586;Fuencarral-El Pardo
El Bistró de Montecarmelo;40.5042022;-3.7085692;Av del Santuario de Valverde, 4, Fuencarral-El Pardo, 28049 Madrid, Spain;47;112;N/D;https://ibericbistro.last.shop/es/iberic-bistr%C3%B3;https://maps.google.com/?cid=1411536859809073628;Fuencarral-El Pardo
Cantina Mariachi;40.4936216;-3.6554338;C. del Príncipe Carlos, 48, Hortaleza, 28050 Madrid, Spain;45;1495;N/D;https://www.cantinamariachi.com/;https://maps.google.com/?cid=11866177194494638519;Fuencarral-El Pardo
Xipotle Taco Bar;40.4875927;-3.6560206;Pl. del Alcalde Moreno Torres, 9, Hortaleza, 28050 Madrid, Spain;48;1107;N/D;https://instagram.com/xipotletacobar?igshid=YmMyMTA2M2Y=;https://maps.google.com/?cid=13170154583253556234;Fuencarral-El Pardo
Junta de Distrito Fuencarral El Pardo.Oficina de Atención a la Ciudadanía.;40.4785929;-3.7097586;Av. de Monforte de Lemos, 40, Fuencarral-El Pardo, 28029 Madrid, Spain;38;332;N/D;https://www.madrid.es/portales/munimadrid/es/Inicio/El-Ayuntamiento/Atencion-a-la-ciudadania/Oficinas-de-Atencion-a-la-Ciudadania/Oficina-de-Atencion-a-la-Ciudadania-OAC-Fuencarral-El-Pardo-Linea-Madrid/?vgnextfmt=default&vgnextoid=eb0c8aa6bd91f010VgnVCM1000000b205a0aRCRD&vgnextchannel=5b99cde2e09a4310VgnVCM1000000b205a0aRCRD;https://maps.google.com/?cid=2545419242569949029;Fuencarral-El Pardo
Restaurante TACOVACA;40.4580263;-3.782582;Pl. San Anacleto, 1, Moncloa - Aravaca, 28023 Madrid, Spain;44;327;N/D;http://www.tacovaca.com/;https://maps.google.com/?cid=12939863338902455175;Fuencarral-El Pardo
Taco Bell;40.4794343;-3.708449;Av. de Monforte de Lemos, 36, Local 4, Fuencarral-El Pardo, 28029 Madrid, Spain;38;2047;€;https://tacobell.es/;https://maps.google.com/?cid=3014253644032758197;Fuencarral-El Pardo
La Chingona Aravaca;40.4650446;-3.7864239;C, Cam. de la Zarzuela, 23, Moncloa - Aravaca, 28023 Madrid, Spain;45;1013;N/D;https://glhrestaurants.com/l/restaurantes/la-chingona/;https://maps.google.com/?cid=2892212643534446181;Moncloa-Aravaca
Restaurante Zona Tropical;40.4219119;-3.720122;P.º de la Florida, 2, Moncloa - Aravaca, 28008 Madrid, Spain;44;3368;€;http://www.takomamamadrid.es/;https://maps.google.com/?cid=7751782384419686570;Moncloa-Aravaca
Hangover Arguelles;40.434238;-3.7154485;C. de Gaztambide, 26, Bajos 3-4, Chamberí, 28015 Madrid, Spain;49;65;N/D;;https://maps.google.com/?cid=12391701951621103022;Moncloa-Aravaca
TKO Tacos;40.4276588;-3.7143872;C. de Evaristo San Miguel, 2, Moncloa - Aravaca, 28008 Madrid, Spain;42;1567;€;https://tkotacos.com/;https://maps.google.com/?cid=6382322834868054709;Moncloa-Aravaca
Tierra Burrito Bar;40.4261703;-3.71499;C. de Martín de los Heros, 34, Moncloa - Aravaca, 28008 Madrid, Spain;44;1654;€;http://www.tierraburritos.com/;https://maps.google.com/?cid=10679027534820680109;Moncloa-Aravaca
Bar El Coyote comida mexicana;40.3903814;-3.7628234;C. de Maqueda, 110, Latina, 28024 Madrid, Spain;50;56;N/D;https://www.barelcoyote.es/;https://maps.google.com/?cid=2024324944951201411;Latina
Tamán;40.4133136;-3.7122356;C. de Alfonso VI, 6, Centro, 28005 Madrid, Spain;47;508;N/D;https://tamanafuegolento.com/;https://maps.google.com/?cid=4241017369626919523;Latina
Mi Ranchito Mexicano;40.3884607;-3.7663753;C. de Guareña, 6, Latina, 28044 Madrid, Spain;42;103;N/D;https://miranchitomexicano.framer.website/menu;https://maps.google.com/?cid=9742981552703973796;Latina
Restaurante Los Mandilones;40.3657993;-3.7591435;C. de la Lonja de la Seda, 25, Carabanchel, 28054 Madrid, Spain;48;904;€;https://www.losmandilones.com/;https://maps.google.com/?cid=14244201380056831381;Latina
D'Burritos;40.3903047;-3.7602928;C. de Quero, 59, 61, Latina, 28024 Madrid, Spain;46;309;€;;https://maps.google.com/?cid=12601305034929044574;Latina
California Burrito La Latina;40.4130452;-3.7103804;C. del Nuncio, 19, Centro, 28005 Madrid, Spain;46;118;N/D;https://www.californiaburrito.es/;https://maps.google.com/?cid=15434061163244587525;Latina
Mi Tiendita Mexicana. Madrid;40.4109532;-3.7098243;Pl. de la Cebada, Centro, 28005 Madrid, Spain;40;4;N/D;;https://maps.google.com/?cid=14264797554918764121;Latina
Restaurante El rincón de Katrina;40.3874128;-3.7360568;C. Francisco García, 19, Local, Carabanchel, 28025 Madrid, Spain;47;343;€€;https://elrincondekatrina.es/;https://maps.google.com/?cid=10324988077477440528;Carabanchel
La Cochinita Loca - Pau Carabanchel;40.3655301;-3.7630712;C. de la Lonja de la Seda, 43, Carabanchel, 28054 Madrid, Spain;45;2002;€€;https://www.lacochinitaloca.com/;https://maps.google.com/?cid=10158794570149953458;Carabanchel
Tierra Burrito Bar;40.387588;-3.7387548;C. de las Hermanas Alonso Barceló, 2, Carabanchel, 28025 Madrid, Spain;42;599;€;http://www.tierraburritos.com/;https://maps.google.com/?cid=9724019341853325158;Carabanchel
El jardín de mi madre;40.3623301;-3.7512502;Av. de la Peseta, 79, Carabanchel, 28054 Madrid, Spain;46;922;€€;;https://maps.google.com/?cid=4319404462073481544;Carabanchel
El Sexto Sol;40.3870414;-3.7298254;Av. de Oporto, 73, Carabanchel, 28019 Madrid, Spain;36;227;N/D;https://elsextosol.eatbu.com/;https://maps.google.com/?cid=9361185936957863157;Carabanchel
Buffet Latino La Suegra;40.3866115;-3.7400709;C. de Castrojeriz, 18, Carabanchel, 28025 Madrid, Spain;41;4094;€€;https://buffetlatinolasuegra.com/;https://maps.google.com/?cid=17060442054294410322;Carabanchel
Restaurante La Terrazza;40.3649011;-3.7627917;Av. de la Peseta, 27, Carabanchel, 28054 Madrid, Spain;46;773;€€;;https://maps.google.com/?cid=13252238731767332894;Carabanchel
Pupuseria Madrid La Ceiba;40.3858634;-3.7207163;C. de Antonia Lancha, 20, Carabanchel, 28019 Madrid, Spain;40;1329;€;http://www.pupuseriamadrid.es/;https://maps.google.com/?cid=16967227804775252534;Carabanchel
El Fogon De Usera;40.3878849;-3.7076322;C. de Ramón de Madariaga, 10, Usera, 28026 Madrid, Spain;44;707;€;http://www.elfogondeusera.com/;https://maps.google.com/?cid=10417409223661268920;Usera
Taquería Don Diego;40.356054;-3.6871114;C. de la Coalición, 35, local 9, Villaverde, 28041 Villaverde, Madrid, Spain;46;231;N/D;;https://maps.google.com/?cid=8267449417423814800;Usera
Restaurante El Rincón Colombiano;40.3860363;-3.7114916;C. de Enrique Fuentes, 19, Usera, 28026 Madrid, Spain;44;1078;€;https://www.facebook.com/elrincocolombiano/;https://maps.google.com/?cid=15242722429722511244;Usera
El Sabor Milagreño;40.3724877;-3.6915596;C. de Navascués, 7, Usera, 28041 Madrid, Spain;42;548;€;http://baresyrestaurantesdemadrid.blogspot.com/;https://maps.google.com/?cid=4075016404387156382;Usera
La Reina de las Tortillas;40.3836244;-3.6974497;Av. de Córdoba, 21, Bajo Nave 4, Usera, 28026 Madrid, Spain;46;185;N/D;http://www.lareinadelastortillas.com/;https://maps.google.com/?cid=2640901132868601201;Usera
Los Cantaritos;40.3866351;-3.7042875;C. del Amor Hermoso, 16, Usera, 28026 Madrid, Spain;40;265;€;;https://maps.google.com/?cid=9959666210686860843;Usera
Taco Bell;40.3710218;-3.6951652;Av. de los Poblados, 189, Usera, 28041 Madrid, Spain;35;493;€;https://tacobell.es/;https://maps.google.com/?cid=1215219866568790071;Usera
Rosi La Loca;40.4158037;-3.7029837;C. de Cádiz, 4, Centro, 28012 Madrid, Spain;47;21281;€;http://www.rosilaloca.com/;https://maps.google.com/?cid=7112650868937611535;Usera
Restaurante La Parrilla De Usera;40.3891671;-3.7009198;Calle de Antonio López, 160, Usera, 28026 Madrid, Spain;43;3940;€;https://laparrillausera.com/;https://maps.google.com/?cid=17395898793385419817;Usera
Cerrado;40.3908576;-3.7014177;Calle de Antonio López, 109, Usera, 28026 Madrid, Spain;34;814;N/D;;https://maps.google.com/?cid=14597664419500238734;Usera
Cantina Metrotacos;40.3948532;-3.6672995;C. de Martínez de la Riva, 4, 16, Puente de Vallecas, 28053 Madrid, Spain;50;10;N/D;;https://maps.google.com/?cid=8382796734321214747;Puente de Vallecas
Portacos Bar;40.393487;-3.6579169;C. de Josefa Díaz, 4, planta 1, local 4 exterior, Puente de Vallecas, 28038 Madrid, Spain;48;455;€€;https://www.portacosbar.es/;https://maps.google.com/?cid=8053718816895377659;Puente de Vallecas
Valletako;40.3934489;-3.6577187;Mercado Numancia, C. de Josefa Díaz, 4, Local 5 y 24, Puente de Vallecas, 28038 Madrid, Spain;47;197;N/D;;https://maps.google.com/?cid=16790723932236225982;Puente de Vallecas
Takeria Olmeka;40.3705468;-3.6289753;C. de Honrubia, 9, Local 1H, Villa de Vallecas, 28031 Madrid, Spain;47;546;€;;https://maps.google.com/?cid=9440777780464142904;Puente de Vallecas
CASA MEXICANA;40.3971826;-3.6660686;C. Felipe Fraile, 5, Puente de Vallecas, 28038 Madrid, Spain;48;9;N/D;;https://maps.google.com/?cid=15489707978277876715;Puente de Vallecas
EL CHULITO Coctelería & Taquería;40.3954899;-3.6689226;Av del Monte Igueldo, 28, Puente de Vallecas, 28053 Madrid, Spain;43;134;N/D;https://instagram.com/taqueria_elchulito?igshid=NjIwNzIyMDk2Mg==;https://maps.google.com/?cid=16153248945866044327;Puente de Vallecas
El Taquerito Madrid;40.3948705;-3.6673378;Puente de Vallecas, 28054 Madrid, Spain;46;9;N/D;;https://maps.google.com/?cid=11111338390251603409;Puente de Vallecas
Taco taki;40.3971043;-3.6646015;Calle del Dr. Salgado, 8, Puente de Vallecas, 28038 Madrid, Spain;41;58;N/D;;https://maps.google.com/?cid=1783023653369541719;Puente de Vallecas
HOT TAKOS;40.3949243;-3.6451294;C. de Humanes, 45, Puente de Vallecas, 28038 Madrid, Spain;31;15;N/D;;https://maps.google.com/?cid=11220023654671852028;Puente de Vallecas
Restaurante El Rincón De Los Cuates;40.3957782;-3.623542;Blvr. de Indalecio Prieto, 46, Lc 3, Vicálvaro, 28032 Madrid, Spain;45;422;N/D;http://www.elrincondeloscuates.es/;https://maps.google.com/?cid=17538873639864009188;Moratalaz
La Guarida Mexican Grill;40.4130788;-3.6634773;C/ de Sirio, 10, Retiro, 28007 Madrid, Spain;49;111;N/D;;https://maps.google.com/?cid=16975794258100017098;Moratalaz
Media Bala Madrid;40.4260025;-3.6326074;C/ de José Arcones Gil, 128, Cdad. Lineal, 28017 Madrid, Spain;47;446;€€;https://taqueriamediabala.com/;https://maps.google.com/?cid=4203169273778134550;Moratalaz
"Cantina Mexicana; entre Tequila & Tequila";40.4267046;-3.6419393;C. de Ezequiel Solana, 110, Cdad. Lineal, 28017 Madrid, Spain;47;174;N/D;https://www.instagram.com/cantinamex.tequila/;https://maps.google.com/?cid=2296889723132544837;Moratalaz
Las Lonjas de Moratalaz;40.4071998;-3.6487427;Las Lonjas, Av. de Moratalaz, Moratalaz, 28030 Madrid, Spain;44;1891;N/D;https://www.madrid.es/portales/munimadrid/es/Inicio/El-Ayuntamiento/Moratalaz?vgnextfmt=default&vgnextchannel=7cb0ca5d5fb96010VgnVCM100000dc0ca8c0RCRD;https://maps.google.com/?cid=2743524106015062217;Moratalaz
Restaurante El burro con tacos;40.4307116;-3.6415927;C. de Gutierre de Cetina, 69, Cdad. Lineal, 28017 Madrid, Spain;47;100;N/D;;https://maps.google.com/?cid=13168856499251450938;Moratalaz
El Jardín Secreto 28030;40.4044418;-3.6463991;Cl. de la Hacienda de Pavones, 83, Moratalaz, 28030 Madrid, Spain;44;1020;€€;;https://maps.google.com/?cid=17078572501891764593;Moratalaz
Nachos de Oro;40.4340172;-3.655688;Calle Alcalde López Casero, 18, Cdad. Lineal, 28027 Madrid, Spain;43;111;N/D;https://www.nachosdeoro.com/;https://maps.google.com/?cid=4485857462394017710;Moratalaz
Los Nachos de Oro;40.4340471;-3.6556715;Calle Alcalde López Casero, 18, Cdad. Lineal, 28027 Madrid, Spain;42;1667;€;http://www.nachosdeoro.com/;https://maps.google.com/?cid=10223308015385101892;Ciudad Lineal
Restaurante Ernesto's;40.4383967;-3.6518778;C/ de Virgen de los Reyes, 11, Cdad. Lineal, 28027 Madrid, Spain;49;163;N/D;;https://maps.google.com/?cid=12754224632712075098;Ciudad Lineal
EL BURRO CON TACOS 2;40.4346435;-3.6528378;C. de Florencio Llorente, 29, Cdad. Lineal, 28027 Madrid, Spain;49;134;N/D;http://burrocontacos.makro.bar/;https://maps.google.com/?cid=15296541409838319073;Ciudad Lineal
Tako Away;40.4366417;-3.6453194;C. Hermanos de Pablo, 22, Cdad. Lineal, 28027 Madrid, Spain;25;94;N/D;https://www.tako-away.es/portfolio/madrid-quintana/;https://maps.google.com/?cid=957894995745813216;Ciudad Lineal
CANCUN TAQUERIA;40.4465153;-3.6128563;C. Alcalá, 597, local 1, San Blas-Canillejas, 28022 Madrid, Spain;44;341;N/D;http://cancuntaqueria.es/;https://maps.google.com/?cid=7867343646679795736;Ciudad Lineal
Aztlán Restaurante Mexicano;40.4707175;-3.5862751;C. Aeronave, 18, Barajas, 28042 Madrid, Spain;47;381;N/D;https://aztlanrestaurante.com/;https://maps.google.com/?cid=5576625055545086226;Hortaleza
Jefe de Jefes;40.4314879;-3.6075966;Av. de Niza, 51, San Blas-Canillejas, 28022 Madrid, Spain;47;490;N/D;https://www.instagram.com/jefedejefesmadrid/;https://maps.google.com/?cid=9887924320841732398;Hortaleza
Taquería Keeken;40.4319741;-3.6084187;Trav. de Rda., 6, San Blas-Canillejas, 28022 Madrid, Spain;49;283;N/D;https://taqueriakeeken.com/;https://maps.google.com/?cid=6484428661053523803;Hortaleza
Taco Bell;40.4631332;-3.6366811;Palacio de Hielo, C. de Silvano, 77, Hortaleza, 28043 Madrid, Spain;39;572;€;https://tacobell.es/;https://maps.google.com/?cid=10158205243735616792;Hortaleza
Restaurante TKO Tacos Malinche;40.464228;-3.6131333;Teatro CP, Av. del Partenón, 5, J, Barajas, 28042 Madrid, Spain;30;7;N/D;https://tkotacos.com/local/avenida-del-panteon/;https://maps.google.com/?cid=341235055647938037;Hortaleza
Deseos De Catrina;40.3476058;-3.6776423;C. de Berrocal, 12, Villaverde, 28021 Madrid, Spain;42;780;€;http://deseosdecatrina.com/?utm_source=gmb&utm_medium=referral;https://maps.google.com/?cid=11810418058861209714;Villaverde
Taquería Mexicana;40.3681841;-3.5975125;Villa de Vallecas, 28051 Madrid, Spain;35;6;N/D;;https://maps.google.com/?cid=14355736110401214472;Villa de Vallecas
La Chelinda;40.3686031;-3.5978507;Calle Adolfo Bioy Casares, 2 Centro Comercial La Gavia, 2ª planta, Villa de Vallecas, 28051 Madrid, Spain;36;1590;€€;http://www.lachelinda.es/;https://maps.google.com/?cid=5427355093294958809;Villa de Vallecas
Tierra Burrito La Gavia;40.3679074;-3.59738;CC. La Gavia, C. Adolfo Bioy Casares, 2, Villa de Vallecas, 28051 Madrid, Spain;45;351;€;https://www.tierraburritos.com/;https://maps.google.com/?cid=498676608996751814;Vicálvaro
La Bajada Street Food - Vicálvaro - Restaurante Peruano;40.4027506;-3.5974406;C. de S. Cipriano, 67, Vicálvaro, 28032 Madrid, Spain;45;1180;€€;https://restaurantelabajada.com/carta-vicalvaro/;https://maps.google.com/?cid=14926606725860141133;Vicálvaro
Taco Bell - Abierto solo en días de partido y eventos;40.4349127;-3.5987504;Av. de Luis Aragonés, 4, San Blas-Canillejas, 28022 Madrid, Spain;35;24;€;https://tacobell.es/;https://maps.google.com/?cid=4912311326532820530;Vicálvaro
Tierra Burrito Bar;40.4341239;-3.6065182;Av. de Niza, 38, San Blas-Canillejas, 28022 Madrid, Spain;41;616;€;https://www.tierraburritos.com/;https://maps.google.com/?cid=5697790811802647197;Vicálvaro
La Gruta de Valdebernardo;40.3967962;-3.6210045;Blvr. de José Prat, 32, B, Vicálvaro, 28032 Madrid, Spain;43;1566;€€;https://www.lagrutavaldebernardo.com/;https://maps.google.com/?cid=11506441806571755300;Vicálvaro
Taco Bell;40.3689222;-3.5991676;C.C. LA GAVIA, C. Adolfo Bioy Casares, 2, Villa de Vallecas, 28051 Madrid, Spain;38;1600;€;https://tacobell.es/;https://maps.google.com/?cid=7787636486170258367;Vicálvaro
Restaurante La Cantina;40.3785249;-3.6237098;Cl. de la Sierra Vieja, 64, Villa de Vallecas, 28031 Madrid, Spain;46;99;€;;https://maps.google.com/?cid=8776507474106238259;Vicálvaro
No Q No;40.4624227;-3.5918581;C. Bahía de Palma, 7A, Barajas, 28042 Madrid, Spain;44;625;€€;https://www.noqno.es/;https://maps.google.com/?cid=11786090540709254069;San Blas-Canillejas
Taco Bell;40.4445382;-3.5823167;Polígono Industrial Las Mercedes, C/ de Campezo, 7, San Blas-Canillejas, 28022 Madrid, Spain;36;1461;€;https://tacobell.es/;https://maps.google.com/?cid=5931275042058897935;San Blas-Canillejas
Oficina de Atención a la Ciudadanía. Línea Madrid. Distrito de San Blas-Canillejas;40.4344107;-3.609579;Av. de Arcentales, 28, San Blas-Canillejas, 28022 Madrid, Spain;43;865;N/D;https://www.madrid.es/portales/munimadrid/es/Inicio/El-Ayuntamiento/Atencion-a-la-ciudadania/Oficinas-de-Atencion-a-la-Ciudadania/Oficina-de-Atencion-a-la-Ciudadania-OAC-San-Blas-Canillejas-Linea-Madrid/?vgnextfmt=default&vgnextoid=e2fe8aa6bd91f010VgnVCM1000000b205a0aRCRD&vgnextchannel=5b99cde2e09a4310VgnVCM1000000b205a0aRCRD;https://maps.google.com/?cid=1026238891774048592;San Blas-Canillejas
Restaurante Egun-On;40.4696965;-3.5861142;P.º del Zurrón, 31, Barajas, 28042 Madrid, Spain;46;1547;€;https://restauranteegunon.com/;https://maps.google.com/?cid=8643765646060095713;Barajas
Babel Terraza Restaurante;40.4653816;-3.5926678;C. Bahía de Gando, 1, Barajas, 28042 Madrid, Spain;41;2285;€€;https://www.babelterraza.com/;https://maps.google.com/?cid=15570513976359390463;Barajas
BLT Barra Libre Tapas Barajas;40.4709379;-3.581319;Av. de Logroño, 116, Barajas, 28042 Madrid, Spain;41;1161;N/D;https://barralibretapas.com/;https://maps.google.com/?cid=17104507786331757063;Barajas
Humos gastrobar;40.4548108;-3.5894313;C. del Balandro, 36, Barajas, 28042 Madrid, Spain;47;1652;N/D;;https://maps.google.com/?cid=9176567655318799752;Barajas
Tierra Burrito Bar;40.445769;-3.587606;Polígono Industrial Las Mercedes, C. de Aracne, s/n, local 228-229, San Blas-Canillejas, 28022 Madrid, Spain;46;262;€;https://www.tierraburritos.com/;https://maps.google.com/?cid=10978467615331575530;Barajas
Restaurante Jumbo;40.4708159;-3.5793371;C. de Gonzalo de Céspedes, 20, Barajas, 28042 Madrid, Spain;47;4871;€;https://www.restaurantejumbo.es/;https://maps.google.com/?cid=10676873207102529586;Barajas
